"file","alt","page","source_url","content_type","bytes"
"images/01-lemper-mamitika.jpg","Lemper Mamitika","gallery","https://lh7-us.googleusercontent.com/sitesv-images-rt/AMxu72s3fdqG_FWjdTQUTKcVHWSXaTO9WjdcqQv4SPK0aV1rWAe7tWbolsMNhLjzj2vPgpPf4nqvsEoEfjnbS9CNxm-LRIw50f1I1wrJOC_yVsru20ObeAs8djcXpz27FTzhd6BDDwIcijRx74FH8XJ310ZOP0v_5Xg1d4VGzWvtll-L5bmb2a99cCKnFnPRXBG7gTFlhHCCzz0EDprPkK_Sofzt3u1DR6s4YLc1kKu3=w1280","System.String[]","190652"
"images/02-image.jpg","","home","https://lh7-us.googleusercontent.com/sitesv-images-rt/AMxu72sl-R5L5crcNv6u35FzyhEdws5aABPEnlvQrDPSDaHkB9qU-DUOLm6mg1Fmxr6ws1Cs5XVNf3uBJ6Ec1vNmu52lOZSDHTro8qn5-K6Rn9kalJZWzunSARclKGDH20tVuFoprD4iL_UVrEN7syhGVHVJKVnmCzCRhhlTHFKS6NDy1_4ghH08e9r_T-X4Ezi2r1i8jndHaFyWSTCYNGZ7dZ5cMPMSEv41iOv5AA7I9SY=w1280","System.String[]","124544"
"images/03-roti-smokedbeef-mamitika.jpg","Roti Smokedbeef Mamitika","gallery","https://lh7-us.googleusercontent.com/sitesv-images-rt/AMxu72snShJWU4gwClcbV-74Nky4p45rv4HG20cbh-CEmdoeJjm70dCeo6YljouD6r4S_YgMiRXct42UaTnx0WqEcQ5Q1aUI3feT-yQmM0Vffiz6UHTpr9Q5eBQODcuP0uK433qXm7GbKHl19DR4EIR8JMOX3065ktsFwz2VIfUXQiCGnahj14aGL3dc9aWztzCiBav2FFXZvyrRQMvlbc79T6N2SIy5eb3l0kfABiTIu1E=w1280","System.String[]","295009"
"images/04-image.jpg","","home","https://lh7-us.googleusercontent.com/sitesv-images-rt/AMxu72suETGGTdpvJuWMt-fIZ7igGQeraxmt5T9kBgV4d0pxKdL91DzEWc9OaErCLhEP-_5i4ibqz-PPhZGU7kgoyTRdlNZB0swrpuVbjMdd0uo0vTUM-kKlwLV5IbgeNTEyqJg5WZOWLCnu9j8-XICrMGaywHIxXDWNgkgk_s9u4VQgSlAwFKrFHK4YhhwnH1JgmpAAPOXYE22qlbESjw2aZH71ZY89qezBQhVO57cNbU8=w1280","System.String[]","205993"
"images/05-image.jpg","","home","https://lh7-us.googleusercontent.com/sitesv-images-rt/AMxu72sUuISnwYo57pz1YCEqyDN9EibaunD2bULTI1cFpRQDKYdxyoqyXJNIjb8cnXhdQW9UZt_wlX4ZWYcb3GgpXFi_gOC_V2Pn03CFFaR8fPk9iyvcVyOVss-QrTym8m36tThxuyI3mczJwpKP4kYOMSdJY0TFRpod-gt8zgKv0OwnGj7unioBBa8d-gBbSkCAzZDYwxqn1K88BWwpaZeGfiYHV5IufsI9lzznL3Bw=w1280","System.String[]","208366"
"images/06-snackbox-mamitika.jpg","Snackbox Mamitika","gallery","https://lh7-us.googleusercontent.com/sitesv-images-rt/AMxu72t1tM4lqPvTvl4dsr-m3ZIVooGcx-rl6ghc0ztmx80_Ev6WPTe1ni1BLO-gWh83D-yLfgXBUfWVqs4cK0qHFsfO4VAV4d9T-QiwYQdgvmwBUch_f8Asrxrb60bb3lJp152d1BF-J7d6SzJVazCmtfaQzWAqrwTwmGV1Qu5coTeS1HgJGwgK1vXhuQweWOznMksMShgBPgThbGUQ9puyXZ67ZpM4gwE8O4kHxmPNp5k=w1280","System.String[]","188853"
"images/07-snackbox-mamitika.jpg","Snackbox Mamitika","gallery","https://lh7-us.googleusercontent.com/sitesv-images-rt/AMxu72t4ZZ9V-sFyCIFZMjdLT_Z8lN5eTQsg-ZkynuuhtPQ0ngC8ajUGRPeSo4FutuIOUbzRqNaxXimqx9FKcy2X1F70avpPpUNYijT4WQF1MjXWuZuxxjavXAeDzq1HTrBiLVy0eDW1s1eRJfAq6CAHGkTluL0tP-34qZUrry9C3k8PR-S0v_RJRTSS1US4nfwPNPpOw3feXic8HjVNDYumVhdRqTg3wRVKFMyQ1b2ejz4=w1280","System.String[]","142697"
"images/08-image.jpg","","home","https://lh7-us.googleusercontent.com/sitesv-images-rt/AMxu72teQEeAGGEI5u_qlxFegLPFBhjkhqZKKiqYaeO5filVO7KY6fJ6QzHRZF01Sa4ontOd373ALob_BCQ8RkL9a3o44m-UW2Dg9rgp1smvWgXyG096mU0ntYBgCfRs2owshSSvOXmNWe1KmNKsKzp2m5-GtDl4drLeVrFiQAdvMbiFnIQdNSCOVlYN0_thuStXAmce4D5Uk8Cs4EaiQhF5uwYj9PULkDS-Uw4SxScp=w1280","System.String[]","148735"
"images/09-snackbox-mamitika.jpg","Snackbox Mamitika","gallery","https://lh7-us.googleusercontent.com/sitesv-images-rt/AMxu72tH_hXaLRt_C_GznA6aRMd5k25nNb6kGaq2KD2VCDDq_X5N9hbdP3FsOdUasJfeUFPCHNOeftGQFw6-kPDGtjLvcgyS_tt68rjh__wcVq5awqqYfy9oagc_SbnROAwdQUQpRGoTlItvMev_CHJfVNSISuMjlQPNGZ7o_hOqHaVUEIfUKB7LyYceip4W-Wzp0s7UnuKQ16gchi4Q3BsF8my3UNuvFKcXJR8ImqSK=w1280","System.String[]","178079"
"images/10-image.jpg","","home","https://lh7-us.googleusercontent.com/sitesv-images-rt/AMxu72thHV-9DWOop5GvN0Oq5JdKLMkAeAT33f4BI43qPBMFm4CblC_ItpqXMV3z5C9TZZ0AyKOwO5oCAonkwe4rIiWqsG9c8J8LtGVw5HlpDKJ3iq9AwZ4_kkda2tcrEIA-2pEePqyDym1n1hqOeNwfuFyzJcGgrhRKeuMrGGWDX8KL4dNMN3ZgyQorhtF-oTDEXABjnHVOMTLsA_WVInl2aheQ8bK3rv8396PbsEbd=w1280","System.String[]","112794"
"images/11-image.jpg","","home","https://lh7-us.googleusercontent.com/sitesv-images-rt/AMxu72tNzRO5PnGq-TKZXG6SGUFtEO_3kEzO7o7VJV2puoUqkVVUgOdHGe4uTtOwyTXgF2yVxCfAyibWKa2Qli8IW3KqQvkr6zarYV4LoO49_0yXK0h0JT7CcYE07AuefLFvWDrXQ79hWdoVUKGIldqvTSPtV1LcDqwcaFadj_G90QwlYrIpho6cdjHC8LsPaANhDQh6BkenodkpZgAgxfSS87luZviVRTLpb4Tv0MAaNU8=w1280","System.String[]","87502"
"images/12-bolu-pisang-lumer-mamitika.jpg","Bolu Pisang Lumer Mamitika","gallery","https://lh7-us.googleusercontent.com/sitesv-images-rt/AMxu72tqMmPWAkdqnNxB8G9pEFCQguvU3Mz54nVq2AOZkDUIYWpzf4SgAg7q_dyBH9npUN88dm9A_OLqDgLkiXrHfNLJM44IdIGigTeSCzqwZialn2dfN9OAfLejcs96tahsIZBUaHKAOhOk-WOeDXymJukVa3Uosw4nhQbaD_2o1IEWJuOFkpc93RR3TgkPG5DZCZXhgpNmvpYWF14oPrtTZtG4nHu_yr6JUkT0GdEt=w1280","System.String[]","232408"
"images/13-snackbox-mamitika.jpg","Snackbox Mamitika","gallery","https://lh7-us.googleusercontent.com/sitesv-images-rt/AMxu72tqZ80EVABj3wbZfOvVxEVADYX3SfHJbswhcP-O-KKNoEdJrdmv2pLCVY9gqPm0jvRKDu5HwS6-zUfJmWJeGAtcOXOHRWYAxNkPKsDMx6We-yYC4KD5oiNRVkuifAUCaV2lDm4JPmuhJtTE9XPa-yh9D-agiQhgqIS7JurtS_GMwpoSUVbd9BN667iJ7gG6iJhaixP80EXMRDnNNswnHjK6Oj-9Ou-0_6vPwILzHpc=w1280","System.String[]","181100"
"images/14-logo-mamitika.png","logo mamitika","gallery","https://lh7-us.googleusercontent.com/sitesv-images-rt/AMxu72tRKPAC92sRxcXdUmOWd5rP-b1GgbTzhTZdQQ5lzxZgsdFdB_O8eYgakrUpxAs0J-3xOntyCN03tqRxgSPgAYdxR3XYzAWJYzUoE3nUb6Sgku3-NDcCWDHbKZYJE7KHQ31RRtCKAHLzei8nQ1fbvNQHCdHBTX39yo1EZ-17Qugl-xN2nbFpeUdCaffZZk0=w16383","System.String[]","97950"
"images/15-logo-mamitika.png","logo mamitika","home","https://lh7-us.googleusercontent.com/sitesv-images-rt/AMxu72tRKPAC92sRxcXdUmOWd5rP-b1GgbTzhTZdQQ5lzxZgsdFdB_O8eYgakrUpxAs0J-3xOntyCN03tqRxgSPgAYdxR3XYzAWJYzUoE3nUb6Sgku3-NDcCWDHbKZYJE7KHQ31RRtCKAHLzei8nQ1fbvNQHCdHBTX39yo1EZ-17Qugl-xN2nbFpeUdCaffZZk0=w16383","System.String[]","97950"
"images/16-image.jpg","","home","https://lh7-us.googleusercontent.com/sitesv-images-rt/AMxu72tu-CKn-FXK9RAmiv0Ml4I0-XJvw_OpOg2pNZSga9Tn8zgH6217vB7XYEgfZjqzIayATLsgXftyMQdxQSosQr_u8s9qDHO7e8tO_8kxqxk-kOILkHUZ54drqnYJ1BpvxAzYaYXjG5dLCRk9f9kgqjmpPppVDz2A-ovDWr7bTmL0D4-qpllvyS6PzWhsD5oFzCBbeih99HyaFu62c3QAauLscBLJjbzEjln6O5w1IOY=w1280","System.String[]","93903"
"images/17-roti-blueberry-mamitika.jpg","Roti Blueberry Mamitika","gallery","https://lh7-us.googleusercontent.com/sitesv-images-rt/AMxu72tVnUt_btt8v40j3a2IVfpRKOAOiXytVHMCCNOqgwSC2vELFTq9Lw6-ClsDJDy3_UpzSrUuStUSnFvFiL-vH5IAsqkyPU9TwRyvgjudjT6v6YvDpzaIJie661a-NN1Oz49WC4bYCryYs-hCx7mm1UZY1340Maxruwpvzs8NwvDmZgrUwC1xiPyZS317MoANxb2VccpwAHibVeK_esR0kQGVBFv_ZYKGP_Gf4C74f3w=w1280","System.String[]","185843"
"images/18-image.jpg","","home","https://lh7-us.googleusercontent.com/sitesv-images-rt/AMxu72tvYzvURk8-fNdUxyt5h2uE3UgC1oHCzl1YZDXrUSJRslpsxBje7z1ulqcNCHmd9yRe3gS43QKWyRO5Eu7-dlehHLbKLgcIBGSs4ZVCVK6yGJPsvhDPDGayIZ_E4zd-Tm_m32K7nkOiro-30YLXXCyFKmEg5FyZV-xPAoZVXtIpeC63pu_XXVcd3eHfqJ1ixHUQAZz1q9IQOiUWBkPoXD-j0euKuV0BB3ZwEVp0u3E=w1280","System.String[]","136396"
"images/19-snackbox-mamitika.jpg","Snackbox Mamitika","gallery","https://lh7-us.googleusercontent.com/sitesv-images-rt/AMxu72ty-NKdOfAVABLkidwdS55BLZZJWXYt2zXmMzd41I83n316BLPw8iGsTRk_U3S_Ru3P67X6mkVd1Eld2iPw0Srh1uYATF4v1H1Cb6ddIwxTYvvq08bSGSeIKc1Fz-ot7HebEBsSXkQW5Cs0-NFlctCUiLrIK4DBYhu0s4K0zyw8GWRhrdIJtlgXM5W6LOEOh9mPrNDtduj1v20vYwFmS5Qu0KkKKPqi7rn5Djko=w1280","System.String[]","168384"
"images/20-snackbox-mamitika.jpg","Snackbox Mamitika","gallery","https://lh7-us.googleusercontent.com/sitesv-images-rt/AMxu72tzhjcl-6QQEgHNA9k0O0A1G9pZauM9aO76I8aReyLnDn6cmmMnq-_7QkwiKyCZnQ236EWl1fhyDSzFXGYryU98-GSeGSkn2czrLQz4_7aBdmlxLhnk0CoGoE7gJd6rmDfMs3qFfsfikgJrHEatY4oTYHtkbXwHR0F0ceFN_Cok3ChYtFqPlMd5TGUpEb3Gjc1uvP2NyXgDdTOEVh85_kI1ar2xTonpaD3H_sG7sB4=w1280","System.String[]","222347"
"images/21-image.jpg","","home","https://lh7-us.googleusercontent.com/sitesv-images-rt/AMxu72u1pGJe_2vYrIC3Lqbrxs-dOO4VZdFd1q_qppzTMPMgVFb6R7Zr54Exm2NwwytWfT9LBCz6q6HwTxyShrLHsE4gfZxqlohIE2lZhiJU_ONMPYS_0TNuaiu_S9hgwu_IxxnJHcoWe208-oU5XfXJsVUKPZH1oIGPMS_IJApMqZRVqhzfAD-l-Sb5Up51hIs6O-ibQEEGvwm5_f_ynGFQGJsDVUcjhsXtAc7wTErPhHg=w1280","System.String[]","132952"
"images/22-roti-coklat-lumer-mamitika.jpg","Roti Coklat Lumer Mamitika","gallery","https://lh7-us.googleusercontent.com/sitesv-images-rt/AMxu72u1yjJc09W9YMS_VYs3wgP_7zMZ8GJJ9aX38dbY6X84q440jjECPT3j_fnp7g4_W3jvVLICXyQyz8pnyY7xiDl8zqneGFWIDaBfaOW2-CcjcoVGxyCwTJe-yXX4_CLAp9z90eZkJLp11TeUaiene0_kxky6k7FhVuecnZgOCPCccRPCKLtUdg_Cn6z9w7QYMaeDNUiumxRI26R5k05EgPUV8CUN5uiUEi8bs5S3qNs=w1280","System.String[]","134780"
"images/23-image.jpg","","home","https://lh7-us.googleusercontent.com/sitesv-images-rt/AMxu72u3HnxGSiVNdL4cjwSgyRp47jgvicoz_We7a366Mt3p2UBWs7bSGNznFNdwvAwYEPvUj1yTcazI-Jm1UW20IgHtHpWOPsSdV36C7ltyyxZkGevNQZwBpVWIOj95Vd4yL8nL0hpf3zi9F8_PGq_ZmSaqeBWxC2b-GxBLAyYR7i57vZHquQ8o9ho-MbiqKIALcQtqkBmUK-N42ZbFPgSicFTL5z9NexxgMDsaV9KSjag=w1280","System.String[]","199036"
"images/24-image.jpg","","home","https://lh7-us.googleusercontent.com/sitesv-images-rt/AMxu72uGbl-jiwMyrhrAd3GlrXGLWSfbhrSyG3ZROnK9QE-NcsUZQ9R7rOF17EWc0ae-7luTM_STIj7URBUZ1SKsLDYjVjtAyfiCwP3AK4KcIKjsJU5byntIWLHhUDt9VOQUOeZqkmABLxye59KSlVNLhfFBJZF80MHfIfFtucKVEfdLb_UTiAU908yl_I0S0m529BiY6e800O3Zuo0EAxt-52Je7jrfa7pRuxAQ0q1C7m4=w1280","System.String[]","62952"
"images/25-image.jpg","","home","https://lh7-us.googleusercontent.com/sitesv-images-rt/AMxu72ugCeMaO_mR9dh_ggn5JPlydY6QGl672jgWbiyAyoQ5q2SZ2QCUDcN6hDN2XSB_GUb3kbF4FInusJ-GfG8GRl9Tn9L2uLjy7tHmhBdLptdhRq6CddxLmYmLkzkF25-_8g9hSQtpMXNWIK4McBNH8Kn9A0K2klzciUAYJjbjt12gNFxqmeRyUxprSHIoBvdjeniId9TTmkowj_NJG0QywcTSTi1-SoU3Iqo2OnZs=w1280","System.String[]","170713"
"images/26-image.jpg","","home","https://lh7-us.googleusercontent.com/sitesv-images-rt/AMxu72uRm-QlaxsB0VlGUd-NX1qzFCvfmfjOnqDIKQxiAATvKPVDPevYaZzwtsnD-xSPnBc4snmg8S6Wgjnw_S1Yj4p_RYSHmw1vr_fLkkevxEQRLuMTOAw8WC5LoBo4p3Pzq4Tu0DBHRqR_K14yAJQzvqVe27jEJk_qoXR78ScnWcuUH-9qCCUjvroPqK2Rm3j-_lavXttYfH0ZIJyKDyrS8VLVvELChXnFzZoyibi0J80=w1280","System.String[]","132946"
"images/27-image.jpg","","home","https://lh7-us.googleusercontent.com/sitesv-images-rt/AMxu72uS98znWGU9ThPh-QCKoKh7LEv1nteadyG9_cljBTZBkRgNgNvyknTdm-Y1xs6GRii9JEZpQG5tk2qgrHTQ2ClZNoMZpSacLblqh3BzzTyeEFvNkWCM7fxtx_7NMXHPdZRfiK4_KvZX5p7NYl2PplUCwtLR8T6vd4hIKCuLTX0DPZF7EVj80XvL4a4zkO6Mz5VcSTTLukTyYLFzDPQ7KexYfbLnqhDr0rOxjUG7lOQ=w1280","System.String[]","76755"
"images/28-image.jpg","","home","https://lh7-us.googleusercontent.com/sitesv-images-rt/AMxu72usHWSPk9JSz9isfgIPvdnYSoMWudiCOOXAdGp2UpgbpxDnjGa1hm5eWt1AUigDqrcrKjtpA1G37iSdNko8n6Obizllv5xI1QT2966AXcL8UDeyXqHM9WaRXpP6S4HA1UCLOxYWcv--3XidSzn9fj6JSaYQCpHGqspr8YDU97_IIcZe68fPzuucOuSs4XLOt0KZIh1sktzz4vQbiWX2XT4PmlisRB9I3ouyBKrja20=w1280","System.String[]","91771"
"images/29-image.jpg","","home","https://lh7-us.googleusercontent.com/sitesv-images-rt/AMxu72uwy0rtnYwYUUEk0BR63pPed3VgCODHucBxJv9oN-bLGqdixDQwFK-9Obvuth-SuphZQboj4A2MN1G6GvXQBxMLIGUOpqMB6-xAPkETnXmfpQSE4lisMP9fPi_E4OiD9mz24DuKMldyJyuBbud_cw74vdsJXsXj3zACOjXmx26GsGhFN9BqgoWg3gm_59r4Mj3bcx2ojrKw88kqVxOvQDzMTp_S06Po33DQ7akKcxc=w1280","System.String[]","155656"
"images/30-snackbox-mamitika.jpg","Snackbox Mamitika","gallery","https://lh7-us.googleusercontent.com/sitesv-images-rt/AMxu72v4tcRBJlg0SO0cISgJq_8rdmzDRoS5Cu_bYR3Csj74lynX5TP_RNHQBdppKTnETbKOF6xpA5G9xOjcPq-5DatEFaNlyL-2gHs_8b3aeV9RaUMV_QlCN0vzaxxue1go1gYY2zowNt4G9a-5rbWgoYIYDww4_9a5L4zxBAOGSmKMsgRR6EbGRJu3vazjqDithzW3STsTVmQUx3yN48bcMZc5ebNd5ZUe6e4ZFmUG=w1280","System.String[]","148440"
"images/31-snackbox-mamitika.jpg","Snackbox Mamitika","gallery","https://lh7-us.googleusercontent.com/sitesv-images-rt/AMxu72v8gNmcSXE_tQ-uBO4-RVwNQK66aTLw4h2RvRq2SKV_VkkG9I88-l1vBWJ06lII3a_ajdPiHrtvjecx6ov3lFNnwO9PTLR0v7NwMg5BWWErjFQIw8XFd0GDMArnzQYtuMvWO9lXliz0gblBMy82ZbX9jbpWzM0KwDFJG37Mt-YPVDUli-6hIrOdYmYMBZh1AjjGcZ5dOlQp45XiHXy9K38KHC7FnV5GRqNujPatSVw=w1280","System.String[]","162706"
"images/32-image.jpg","","home","https://lh7-us.googleusercontent.com/sitesv-images-rt/AMxu72vap9Gftzxz8PQ1WkOYOxjwsU-kQLGlLd1o81bmRY5moPTVODsG0Tg2-IECgUsfhTpfDUaljDBMSyjfZmKVVWK_a7Lit82OYjaePmgQ_mK7PPQTgzgPAOFYWzvXbimRM01m1TFyZzeDkJMDl59pXjawXslGWu0ukUd1kR3Wnf0eJX3HHWy6NtUwR0zD64l-PavjdjNs9yEsncnkpGVZmBWApnVtF5by94HxJaIqveQ=w1280","System.String[]","170262"
"images/33-snackbox-mamitika.jpg","Snackbox Mamitika","gallery","https://lh7-us.googleusercontent.com/sitesv-images-rt/AMxu72vAUqsO__lD2Q0S87OyzdoX-ukBoH5C2XiqH5w38k-FnNVhsbWug4ctHEf5NN6sr-3vwl2ZvfxthGyJqW-c_Yc885hRgLv1110ZjpdF_3Q3Ari3mLkxmLzvU-GBpVsr9r2Lmp35kRYDzYRoGPEKfTcRAmYmZdOEBVdMPtkpLSNoA9bLJk5x4P91pZRFNk6PdEKNExFSZ7W4O05HqJyj4X_du4eBcYkQlvG7FhrtAPI=w1280","System.String[]","215553"
"images/34-snackbox-mamitika.jpg","Snackbox Mamitika","gallery","https://lh7-us.googleusercontent.com/sitesv-images-rt/AMxu72vfVte2NU-WGdcYDXv3y4Xc6-eBslD4SoK4nGP-N0hzsPEBvWYJknjtRCmBPo-PIRDAsRqn2-3kpYTXRbLwKNnpnfod1JP2gx4K0GcV10ovmAXuwIA_mWlCIRT7BcK0DIl4RxjWV7FwTyxS7yhKpTDsuXVi-LkNqftrtLxtmSPtOfYhopYnP6hmQxJm-XHoYJr_mc0e_aUuT8f87MOuUiTLIzc7y6ijKZA1LaSM=w1280","System.String[]","179779"
"images/35-image.jpg","","home","https://lh7-us.googleusercontent.com/sitesv-images-rt/AMxu72vIV6OacTbbRvblZkr59tvQlguBGqSjBNYX5r3m5poLUBlD64anJ3y8nfrDPSwZw09YlZmCiRzz5ADhVrm0yUqX5pVEEM8E_WlIGoMR0zjBRueIsAYSfNz03R7k7lEZ9bUl1985sBKvCZ3k6sPMWXJxrai81gOsLYLuIyUvUOJlR01Tbrigmf9KSlZhlnsjNVM-iKwzXg2MTP9nPQ4yCDZQCyy2UzBhBRctrZV0A8Y=w1280","System.String[]","109743"
"images/36-image.jpg","","home","https://lh7-us.googleusercontent.com/sitesv-images-rt/AMxu72vULqwcJTSRti0kEk_jVgtiNU7yY3_g9v1VviPjrk-HUdzkPwDnGcyOv_G0NksptE4dLX6ixOFzuyEN-7atQ_nibxMk9ZOmcf2nL5cAHiu66cKDxNHtiPwmym5sFdML6OF5soYOEpFGVtcCXUPkpPG2T2sykzV3QrUhAt97VKyFo9wYTOYbJ_2pil_lg6WruNJqhPVZkC5PmTMmRSvzeKf9OPhCeRLSRvF-C7tb=w1280","System.String[]","112794"
"images/37-soes-mamitika.jpg","Soes Mamitika","gallery","https://lh7-us.googleusercontent.com/sitesv-images-rt/AMxu72vWNV4RpyfccxFfSma6vtEiGFP3sSBqHHPN97qhgon_s7Hp1ZWerm266acI4HZtasOnmLRfEVfNptFKklIvZnmOf97s8kQHrMoOxzbAiJkGmZw_TGcHGmx4-5zgiEarhhbNHJsWXLTgrcyhO9so0RD2rT85JBORZHy19rgmeV_FwiusLfQp2-OwY09O1yywognAP_dPfnRrb6yRi9W-A64Rs1K621_hwcO49CfjQAk=w1280","System.String[]","171126"
"images/38-image.png","","home","https://lh7-us.googleusercontent.com/sitesv-images-rt/AMxu72vyViivi3WqnIjQg6gI8X7O8jk1VAQquuiz6HYxIGehv2BVdch25pDOFIWYIrAXX1eu8AHBgMm-wx3P4x1IBtYALqm3s4RcDapyrUc2FlqiMQRYLcSq__n-KQY0DMOE056C2YUW-GGkp4I1LrvVxKVuo39CLKQkSuKVS2eD_GR27c8-bakFDszHlCTk0Mn90UCmQM5rejmcSoB8UFSooCBuYqU9pEJweD-iez8IF48=w1280","System.String[]","1920090"
