Kategori,Nama,Deskripsi,Kemasan,Harga
Roti,Roti Sobek Coklat Lumer,"Roti sobek yang lembut dengan isian coklat lumer",10 potong,38000
Roti,Roti Sobek Keju,"Roti sobek yang lembut dengan isian whipped cream dan taburan keju parut",10 potong,39000
Roti,Roti Sisir Polos,"Roti sisir yang tebal, padat tetapi lembut dan milky",8 lembar,21000
Roti,Roti Isi Coklat Lumer,"Roti lembut dengan isian coklat yang lumer",,10000
Roti,Roti Smoked Beef,"Roti lembut dengan isian daging smoked beef dan red cheddar",,10000
Roti,Roti Sosis Keju,"Roti lembut dengan potongan sosis di dalam dan di luar, ditambah keju dan taburan parsley",,10000
Roti,Roti Cinnamon,"Roti lembut dengan isian racikan bubuk cinnamon",,10000
Roti,Roti Pizza,"Roti lembut dengan topping saos pizza, potongan sosis, keju mozzarella dan parsley",,10000
Roti,Roti Keju,"Roti lembut dengan isian whipped cream dan parutan keju",,10000
Roti,Roti Isi Daging Ayam,"Roti lembut isian daging ayam dengan bumbu manis gurih",,10000
Kue basah,Lumsur,"Dessert lembut dengan bahan utama jus pandan. Manis dan legit",6 pcs,36000
Kue basah,Soes,"Sus dengan isian fla lumer yang milky",8 pcs,32000
Risoles,Risol Rogut Keju Frozen,"Risoles beku dengan isian ayam, wortel, kentang, jagung dan potongan keju",6 pcs,25000
Risoles,Risol Rogut Keju Matang,"Risoles matang dengan isian ayam, wortel, kentang, jagung dan potongan keju",6 pcs,28000
Risoles,Risol Mayo Frozen,"Risoles beku dengan isian daging olahan, telur dan mayones",6 pcs,25000
Risoles,Risol Mayo Matang,"Risoles matang dengan isian daging olahan, telur dan mayones",6 pcs,28000
Risoles,Lumpia Ayam Frozen,"Lumpia ayam beku berisi full daging ayam dengan aroma yang khas dan rasa gurih asin",10 pcs,32000
Risoles,Lumpia Ayam Matang,"Lumpia ayam matang berisi full daging ayam dengan aroma yang khas dan rasa gurih asin",10 pcs,36000
